r,g,b,isblue
82,121,248,True
57,147,216,True
47,115,241,True
180,222,240,True
61,117,219,True
99,164,221,True
88,206,246,True
170,208,228,True
0,58,143,True
23,91,168,True
56,155,227,True
8,81,187,True
0,73,250,True
19,99,199,True
214,235,248,True
81,112,160,True
50,102,142,True
2,99,205,True
80,161,226,True
35,111,173,True
17,47,104,True
146,185,220,True
12,33,91,True
47,141,213,True
93,134,180,True
102,176,218,True
61,77,120,True
63,123,159,True
59,159,221,True
36,87,139,True
86,122,176,True
63,126,238,True
97,138,204,True
32,75,171,True
222,235,238,True
41,92,155,True
208,232,240,True
127,174,228,True
41,131,197,True
89,163,245,True
0,64,191,True
41,116,200,True
0,53,180,True
93,218,242,True
18,70,237,True
58,164,247,True
0,50,135,True
160,197,244,True
62,120,179,True
0,34,113,True
0,45,105,True
208,228,253,True
21,75,114,True
18,93,236,True
29,86,132,True
88,144,191,True
28,66,131,True
77,142,215,True
0,49,180,True
46,145,228,True
81,129,221,True
42,66,98,True
105,157,198,True
81,114,146,True
53,143,181,True
37,75,234,True
118,135,204,True
0,67,224,True
80,113,179,True
131,196,241,True
3,56,146,True
66,178,244,True
93,207,207,True
0,74,250,True
157,229,250,True
32,69,93,True
170,236,252,True
130,222,250,True
112,159,244,True
117,183,248,True
90,149,228,True
51,121,237,True
0,51,184,True
68,162,245,True
104,170,235,True
198,236,250,True
45,140,250,True
25,92,212,True
23,89,174,True
34,99,177,True
70,151,216,True
0,60,174,True
199,227,243,True
211,239,252,True
30,83,179,True
77,159,220,True
29,92,243,True
77,125,216,True
0,78,250,True
60,158,200,True
0,73,245,True
104,138,178,True
50,119,148,True
122,212,221,True
69,127,247,True
38,48,139,True
75,157,229,True
50,125,170,True
28,58,88,True
43,109,204,True
84,130,192,True
0,89,242,True
14,63,114,True
55,121,237,True
40,77,158,True
54,86,148,True
145,205,229,True
97,145,245,True
175,226,242,True
0,79,213,True
50,133,227,True
27,56,129,True
117,181,212,True
0,69,217,True
56,111,244,True
124,211,252,True
32,109,168,True
188,203,244,True
46,112,207,True
33,77,223,True
71,106,210,True
68,170,212,True
82,140,241,True
55,160,233,True
123,146,188,True
137,165,215,True
43,98,138,True
32,73,240,True
32,74,166,True
199,223,246,True
45,87,157,True
126,174,212,True
0,68,233,True
83,200,233,True
190,235,237,True
196,236,249,True
212,235,250,True
38,47,103,True
0,47,160,True
0,50,160,True
190,211,235,True
0,33,126,True
17,44,136,True
108,175,224,True
68,162,224,True
194,218,233,True
168,210,236,True
147,177,226,True
60,104,182,True
120,175,223,True
113,159,224,True
0,61,212,True
16,113,220,True
24,80,129,True
131,179,218,True
192,240,250,True
121,182,224,True
6,105,227,True
81,200,239,True
152,179,243,True
97,163,214,True
34,89,186,True
0,43,112,True
129,174,212,True
109,162,187,True
46,120,192,True
68,140,190,True
148,191,251,True
180,218,233,True
92,147,252,True
107,180,223,True
43,89,216,True
184,221,244,True
19,73,216,True
41,62,105,True
32,96,250,True
58,123,247,True
46,127,196,True
0,82,224,True
26,64,140,True
0,76,216,True
23,57,198,True
25,50,158,True
119,149,216,True
207,231,250,True
90,135,210,True
66,167,241,True
103,186,235,True
48,108,142,True
0,67,207,True
133,154,212,True
9,57,196,True
35,74,116,True
131,233,243,True
83,171,250,True
16,74,152,True
23,30,109,True
35,116,250,True
96,168,192,True
13,82,209,True
206,235,237,True
3,49,115,True
48,129,165,True
119,228,241,True
96,169,243,True
65,158,188,True
52,75,247,True
55,93,212,True
23,68,104,True
109,182,196,True
28,103,236,True
4,64,166,True
184,200,253,True
103,138,211,True
23,39,81,True
120,213,228,True
41,62,97,True
0,64,148,True
118,150,249,True
95,167,202,True
179,207,188,True
91,198,208,True
116,204,250,True
87,121,221,True
103,130,177,True
42,118,160,True
42,109,149,True
53,112,150,True
22,70,153,True
17,77,138,True
10,101,203,True
79,162,236,True
53,146,207,True
158,215,249,True
15,83,178,True
82,142,208,True
107,233,243,True
8,50,113,True
93,155,246,True
81,178,215,True
90,136,219,True
34,66,212,True
118,143,201,True
82,173,215,True
92,204,227,True
79,127,188,True
106,166,206,True
55,116,169,True
147,237,238,True
193,230,242,True
198,236,238,True
72,94,140,True
57,92,117,True
116,231,240,True
13,40,97,True
24,53,101,True
198,239,246,True
48,58,180,True
124,171,239,True
69,131,165,True
51,113,164,True
77,127,186,True
96,161,227,True
147,199,219,True
34,43,152,True
33,62,101,True
63,101,199,True
37,85,148,True
36,79,181,True
2,37,130,True
91,149,232,True
171,212,228,True
163,244,251,True
0,29,108,True
0,40,133,True
182,218,227,True
94,154,240,True
79,140,169,True
115,181,236,True
101,178,230,True
181,243,237,True
32,82,177,True
156,219,207,True
55,83,179,True
23,32,105,True
66,126,137,True
49,120,147,True
98,153,187,True
52,151,221,True
207,230,235,True
159,196,200,True
184,230,233,True
157,196,207,True
30,74,234,True
180,212,223,True
109,154,178,True
42,78,244,True
37,88,126,True
134,167,214,True
32,55,172,True
0,48,158,True
132,241,247,True
219,243,244,True
86,133,222,True
64,123,158,True
189,236,238,True
64,136,175,True
65,156,186,True
52,77,164,True
0,44,141,True
74,191,251,True
64,97,141,True
15,50,108,True
43,72,154,True
6,59,123,True
89,133,157,True
44,103,132,True
23,45,120,True
174,231,249,True
83,124,170,True
96,221,252,True
196,227,237,True
69,147,177,True
27,123,218,True
134,155,225,True
20,86,149,True
149,197,230,True
125,165,236,True
0,86,225,True
138,176,248,True
9,31,88,True
198,214,222,True
30,95,186,True
50,78,166,True
47,102,189,True
2,90,198,True
32,116,208,True
25,90,142,True
137,196,217,True
8,49,108,True
123,172,227,True
2,70,147,True
146,183,238,True
136,198,192,True
90,184,169,True
105,240,247,True
0,31,124,True
168,218,239,True
121,172,194,True
0,58,150,True
29,108,173,True
46,61,198,True
72,114,179,True
27,48,165,True
128,175,209,True
30,100,155,True
22,38,83,True
0,80,224,True
37,107,141,True
40,120,175,True
177,188,233,True
108,185,246,True
153,234,249,True
131,173,241,True
0,40,100,True
142,186,211,True
79,163,247,True
69,89,239,True
198,236,246,True
154,246,245,True
53,68,229,True
114,219,243,True
173,238,249,True
49,116,158,True
214,242,250,True
89,125,173,True
114,238,227,True
58,121,243,True
7,46,153,True
27,57,189,True
102,138,204,True
23,72,212,True
46,116,152,True
91,115,243,True
68,126,175,True
62,46,155,True
101,186,230,True
18,63,103,True
89,188,216,True
71,119,151,True
36,83,116,True
117,175,181,True
27,73,92,True
38,52,120,True
201,227,232,True
47,117,151,True
77,172,211,True
198,224,229,True
68,136,180,True
148,168,218,True
30,43,98,True
81,180,201,True
87,125,236,True
34,58,195,True
124,160,227,True
44,78,175,True
38,51,121,True
70,155,189,True
24,74,98,True
204,241,252,True
0,75,249,True
19,91,190,True
55,143,193,True
109,204,250,True
150,178,236,True
26,95,230,True
30,78,188,True
118,139,236,True
137,175,186,True
102,145,166,True
15,31,88,True
0,61,204,True
104,141,233,True
12,28,90,True
0,80,221,True
135,198,210,True
140,239,242,True
159,195,228,True
25,62,144,True
44,101,141,True
143,174,202,True
206,232,242,True
39,60,103,True
36,70,84,True
113,217,246,True
31,49,110,True
88,199,242,True
180,204,229,True
99,149,245,True
164,216,232,True
108,131,191,True
104,127,198,True
60,103,136,True
128,179,229,True
30,70,104,True
43,56,167,True
14,51,131,True
38,97,130,True
84,124,161,True
27,86,132,True
44,125,200,True
84,186,157,True
6,38,111,True
23,35,114,True
23,35,98,True
36,66,225,True
99,189,165,True
107,140,185,True
0,53,170,True
51,76,109,True
185,213,222,True
195,221,232,True
25,65,212,True
135,155,219,True
68,102,234,True
65,102,180,True
87,118,239,True
63,143,223,True
27,34,91,True
51,108,161,True
116,137,197,True
187,221,212,True
50,66,215,True
98,153,169,True
170,194,242,True
108,226,203,True
190,224,229,True
151,200,210,True
184,218,229,True
57,89,133,True
27,47,113,True
195,210,252,True
202,231,228,True
184,202,221,True
0,43,152,True
109,114,207,True
52,63,108,True
34,49,78,True
211,221,247,True
110,161,189,True
7,40,150,True
62,81,169,True
60,151,182,True
51,108,165,True
177,228,245,True
105,238,242,True
50,141,193,True
134,180,190,True
137,195,238,True
147,218,240,True
49,75,110,True
98,147,176,True
167,229,248,True
127,222,250,True
153,233,227,True
199,249,249,True
66,116,152,True
142,238,242,True
46,42,150,True
101,176,191,True
96,136,173,True
143,235,244,True
144,176,197,True
78,142,180,True
212,241,252,True
177,218,224,True
145,158,200,True
153,219,229,True
90,126,194,True
133,226,198,True
91,111,180,True
128,223,241,True
163,225,251,True
51,92,123,True
208,230,234,True
191,213,243,True
0,33,104,True
3,31,100,True
64,90,143,True
80,188,214,True
208,221,236,True
193,222,234,True
44,47,166,True
75,100,229,True
160,182,209,True
161,202,232,True
180,207,222,True
82,124,177,True
59,78,168,True
157,201,213,True
156,192,212,True
63,116,134,True
213,246,236,True
44,55,91,True
123,229,227,True
93,173,183,True
22,57,86,True
29,36,134,True
96,119,177,True
69,87,222,True
199,227,251,True
108,123,216,True
133,193,197,True
145,172,227,True
68,77,150,True
49,106,134,True
198,208,245,True
135,184,215,True
28,83,112,True
81,127,187,True
80,163,187,True
41,75,103,True
0,93,240,True
100,215,221,True
31,83,100,True
46,70,150,True
10,41,91,True
58,107,126,True
78,73,223,True
75,151,182,True
149,214,248,True
36,44,114,True
189,203,224,True
42,46,86,True
171,184,224,True
174,193,220,True
203,229,235,True
119,221,209,True
59,78,162,True
49,35,111,True
88,123,212,True
72,88,246,True
176,232,202,True
193,219,213,True
214,251,232,True
170,215,249,True
157,237,245,True
33,48,104,True
40,63,115,True
203,219,246,True
84,102,233,True
43,67,143,True
44,51,96,True
159,189,249,True
1,28,90,True
58,65,214,True
120,146,240,True
150,248,251,True
201,220,225,True
161,194,207,True
36,51,76,True
193,206,244,True
129,157,194,True
159,229,222,True
73,153,151,True
115,248,248,True
115,172,178,True
168,191,225,True
96,121,196,True
26,67,102,True
141,192,204,True
78,109,197,True
77,110,136,True
195,209,239,True
195,221,227,True
51,66,225,True
181,214,227,True
64,80,122,True
111,114,213,True
131,148,239,True
175,247,232,True
154,181,229,True
77,83,227,True
148,172,227,True
41,51,80,True
153,171,226,True
175,211,252,True
207,236,236,True
157,175,223,True
216,245,248,True
160,183,237,True
133,213,205,True
46,60,179,True
114,199,204,True
90,197,186,True
217,240,234,True
199,235,227,True
64,60,189,True
127,219,224,True
38,57,76,True
56,136,167,True
137,219,249,True
113,230,228,True
111,232,218,True
135,172,195,True
75,105,132,True
93,207,204,True
15,43,124,True
216,235,236,True
193,217,242,True
215,243,237,True
94,203,208,True
37,64,148,True
167,212,219,True
106,125,217,True
209,234,239,True
61,87,175,True
35,42,98,True
108,150,206,True
140,168,243,True
24,52,129,True
24,64,92,True
50,69,151,True
52,117,127,True
75,170,178,True
179,181,219,True
147,167,218,True
82,80,146,True
88,112,188,True
52,96,108,True
153,178,215,True
111,174,175,True
34,31,103,True
42,38,93,True
33,35,118,True
83,165,192,True
86,186,166,True
213,228,237,True
201,245,241,True
202,230,232,True
107,135,179,True
24,34,92,True
110,187,186,True
177,245,217,True
69,94,219,True
205,244,247,True
169,172,224,True
103,176,200,True
32,50,114,True
140,244,227,True
21,35,87,True
62,121,138,True
172,220,208,True
23,75,100,True
183,213,229,True
224,236,236,True
153,161,221,True
89,81,152,True
204,213,238,True
147,176,248,True
141,168,216,True
187,249,232,True
124,151,183,True
145,166,235,True
130,148,190,True
48,58,128,True
171,216,224,True
81,133,154,True
54,59,168,True
28,48,79,True
169,231,229,True
192,214,229,True
215,248,247,True
12,49,117,True
173,216,232,True
74,92,209,True
94,195,215,True
179,227,211,True
185,224,200,True
176,226,189,True
81,159,188,True
36,51,76,True
58,137,149,True
57,138,153,True
195,221,220,True
108,129,235,True
25,45,118,True
112,246,231,True
41,38,109,True
152,183,200,True
201,216,224,True
188,220,214,True
73,170,180,True
39,40,110,True
144,155,214,True
178,222,223,True
79,93,239,True
43,42,91,True
186,196,249,True
103,189,225,True
39,65,163,True
129,175,204,True
39,44,94,True
46,115,128,True
138,212,195,True
206,216,252,True
45,47,123,True
77,122,128,True
142,211,187,True
194,217,223,True
189,248,251,True
185,195,222,True
138,148,219,True
140,194,199,True
86,126,159,True
210,223,229,True
72,90,237,True
220,223,238,True
167,182,218,True
43,56,80,True
212,241,229,True
107,123,230,True
31,67,93,True
152,228,187,True
134,211,210,True
76,173,174,True
209,225,251,True
207,228,235,True
39,46,86,True
161,161,232,True
201,224,227,True
44,110,132,True
94,102,212,True
43,96,112,True
212,240,234,True
110,211,213,True
135,187,161,True
104,109,202,True
93,199,155,True
185,194,249,True
68,54,106,True
103,222,210,True
174,243,243,True
55,32,98,True
42,113,222,True
140,130,241,True
150,239,221,True
40,53,78,True
48,100,116,True
187,212,220,True
137,209,239,True
178,193,215,True
162,222,182,True
40,46,146,True
181,204,238,True
162,192,228,True
37,61,83,True
67,59,110,True
201,238,233,True
39,49,77,True
133,238,211,True
216,235,225,True
109,145,242,True
111,232,238,True
76,150,180,True
180,212,219,True
52,63,112,True
152,219,215,True
46,67,79,True
28,60,121,True
53,129,139,True
102,201,195,True
176,246,248,True
134,158,234,True
80,122,134,True
200,207,237,True
45,36,118,True
37,69,74,True
210,243,226,True
130,182,187,True
110,240,202,True
78,87,160,True
111,245,245,True
121,100,201,True
155,207,188,True
162,232,245,True
61,96,105,True
110,115,176,True
0,23,98,True
151,164,200,True
42,35,71,True
57,127,132,True
111,185,208,True
177,184,219,True
80,134,138,True
200,205,237,True
98,108,222,True
213,234,233,True
110,166,178,True
36,78,90,True
101,226,205,True
181,200,236,True
165,183,208,True
100,147,164,True
108,130,239,True
60,47,79,True
205,140,163,True
209,206,239,True
177,217,212,True
40,56,69,True
196,206,227,True
146,207,228,False
126,156,183,False
138,213,228,False
139,145,185,False
47,104,132,False
190,210,243,False
76,119,82,False
152,199,196,False
176,191,226,False
162,167,248,False
120,246,231,False
74,174,177,False
64,150,155,False
62,132,167,False
118,194,144,False
81,183,169,False
61,41,121,False
162,132,249,False
180,189,240,False
188,234,220,False
83,89,236,False
84,100,208,False
135,242,211,False
169,245,222,False
178,230,218,False
62,62,178,False
96,106,187,False
86,100,164,False
133,158,230,False
132,184,184,False
206,220,228,False
159,166,237,False
98,119,198,False
61,61,131,False
149,152,198,False
186,229,210,False
46,41,117,False
205,251,237,False
211,214,247,False
120,120,211,False
206,210,231,False
74,63,195,False
178,208,209,False
208,213,238,False
29,38,84,False
61,133,126,False
136,88,240,False
112,220,172,False
212,229,219,False
114,194,165,False
164,162,208,False
184,182,236,False
50,119,124,False
66,91,133,False
50,48,148,False
103,221,187,False
186,223,212,False
61,80,175,False
203,207,249,False
183,245,248,False
60,102,113,False
38,38,72,False
202,230,224,False
173,245,211,False
194,248,226,False
131,158,241,False
152,175,247,False
168,213,212,False
87,156,157,False
158,165,207,False
131,194,179,False
133,232,180,False
210,218,229,False
60,50,126,False
68,51,113,False
41,74,89,False
99,175,180,False
50,104,120,False
76,69,133,False
97,96,218,False
201,215,238,False
155,193,182,False
206,237,220,False
176,171,214,False
108,234,222,False
75,76,187,False
96,83,189,False
208,216,240,False
118,109,243,False
64,52,166,False
201,205,230,False
146,195,174,False
166,202,182,False
138,223,190,False
143,234,211,False
57,74,150,False
68,82,167,False
109,186,208,False
164,224,230,False
109,183,217,False
192,208,236,False
216,190,208,False
192,245,207,False
212,223,233,False
41,63,75,False
198,216,227,False
35,76,85,False
81,187,185,False
200,199,243,False
34,40,66,False
170,235,225,False
60,116,116,False
204,195,243,False
43,46,84,False
162,184,128,False
128,207,66,False
92,188,40,False
64,128,76,False
64,69,158,False
99,101,209,False
136,138,228,False
60,137,125,False
196,232,227,False
68,147,137,False
103,115,250,False
36,59,75,False
147,243,209,False
96,79,132,False
195,246,217,False
237,120,162,False
116,131,168,False
44,34,95,False
106,223,157,False
129,135,236,False
126,58,87,False
165,215,72,False
83,65,180,False
191,221,205,False
158,150,207,False
218,225,240,False
110,110,201,False
62,130,116,False
223,216,240,False
70,61,183,False
187,220,205,False
209,226,216,False
184,189,217,False
146,225,202,False
221,241,228,False
191,247,216,False
59,43,91,False
81,173,176,False
61,141,165,False
165,224,218,False
31,71,84,False
83,90,238,False
71,161,137,False
222,238,218,False
41,87,88,False
207,248,227,False
100,221,185,False
42,77,85,False
75,122,131,False
119,81,247,False
40,60,70,False
113,185,121,False
188,156,214,False
166,160,200,False
171,125,187,False
147,201,206,False
86,40,120,False
153,102,218,False
119,223,205,False
209,245,231,False
165,231,215,False
213,233,230,False
67,63,150,False
191,194,226,False
75,76,153,False
172,170,250,False
211,212,249,False
128,227,224,False
78,180,190,False
174,214,193,False
173,174,217,False
194,235,211,False
50,125,133,False
168,57,98,False
92,42,25,False
218,173,195,False
45,49,88,False
71,159,132,False
165,245,212,False
145,236,209,False
149,233,226,False
75,42,136,False
207,242,223,False
59,146,160,False
197,220,218,False
133,232,182,False
185,230,198,False
117,123,217,False
92,75,220,False
180,144,83,False
207,91,233,False
61,50,106,False
188,200,230,False
78,77,212,False
212,217,235,False
57,33,115,False
207,248,225,False
203,212,225,False
193,236,184,False
66,136,89,False
216,224,242,False
66,107,89,False
144,202,40,False
207,170,238,False
202,209,231,False
90,142,125,False
209,233,224,False
130,118,241,False
211,208,243,False
219,232,241,False
100,107,204,False
213,238,197,False
88,85,192,False
136,183,178,False
58,51,141,False
190,200,227,False
54,122,129,False
94,100,166,False
109,239,221,False
89,90,208,False
138,202,165,False
176,165,229,False
143,216,182,False
73,60,200,False
178,187,228,False
217,211,246,False
75,85,155,False
127,224,165,False
141,222,166,False
167,176,227,False
176,247,210,False
64,46,147,False
108,229,147,False
186,201,223,False
183,203,226,False
193,128,204,False
137,207,134,False
168,198,53,False
85,134,26,False
186,205,164,False
184,106,51,False
122,220,43,False
242,195,121,False
47,105,68,False
129,126,202,False
116,77,219,False
172,226,204,False
107,173,46,False
159,82,140,False
227,214,238,False
240,239,219,False
163,137,232,False
211,214,247,False
215,231,218,False
65,60,103,False
195,187,251,False
130,244,202,False
228,122,91,False
215,121,128,False
227,215,197,False
114,32,42,False
87,57,19,False
82,50,166,False
124,141,203,False
175,234,156,False
107,83,165,False
213,207,250,False
189,198,228,False
83,49,160,False
147,130,217,False
237,221,235,False
48,101,46,False
69,117,86,False
58,60,114,False
200,180,216,False
232,223,238,False
70,62,113,False
65,32,94,False
157,172,250,False
117,125,221,False
141,109,243,False
221,240,225,False
98,87,155,False
82,47,22,False
63,137,135,False
215,105,182,False
178,70,138,False
96,26,18,False
213,149,195,False
69,50,36,False
185,142,240,False
161,69,45,False
86,196,190,False
120,93,225,False
84,178,141,False
64,44,131,False
208,240,201,False
138,211,185,False
116,123,213,False
85,156,33,False
242,234,152,False
52,102,40,False
92,187,156,False
145,228,202,False
223,235,50,False
104,159,120,False
174,228,128,False
238,228,183,False
51,110,52,False
67,141,84,False
198,225,41,False
203,145,124,False
254,251,207,False
212,222,237,False
219,232,216,False
204,227,202,False
197,195,230,False
196,240,221,False
192,136,193,False
222,147,214,False
166,202,199,False
201,245,216,False
115,181,180,False
96,164,117,False
207,218,232,False
155,221,206,False
94,96,204,False
242,244,123,False
236,108,166,False
132,193,111,False
225,90,208,False
238,238,111,False
95,36,68,False
78,45,57,False
199,192,223,False
49,29,90,False
62,142,142,False
208,203,227,False
82,161,67,False
118,201,95,False
205,235,128,False
206,197,228,False
157,154,249,False
121,178,171,False
108,184,173,False
199,241,186,False
118,210,154,False
109,104,224,False
212,219,246,False
107,114,224,False
194,209,220,False
75,117,106,False
167,70,48,False
86,161,50,False
215,191,200,False
152,43,28,False
216,78,85,False
181,156,92,False
201,99,205,False
52,76,42,False
217,234,213,False
222,185,228,False
160,82,219,False
62,40,53,False
147,235,175,False
101,202,204,False
172,176,241,False
235,205,250,False
209,215,233,False
172,205,196,False
49,82,66,False
215,106,133,False
126,96,225,False
239,98,67,False
214,82,60,False
206,72,136,False
242,173,169,False
229,229,208,False
253,247,195,False
180,158,222,False
82,34,106,False
150,217,143,False
207,212,236,False
207,106,111,False
93,64,23,False
106,137,63,False
171,198,134,False
77,117,78,False
121,111,28,False
48,106,48,False
239,168,197,False
114,176,166,False
53,38,127,False
47,30,96,False
172,73,153,False
149,197,163,False
119,239,96,False
168,241,132,False
131,181,69,False
195,228,185,False
86,79,175,False
144,150,205,False
192,239,207,False
186,198,217,False
80,58,120,False
58,39,108,False
136,242,170,False
117,101,191,False
63,74,135,False
83,192,203,False
209,202,234,False
54,80,93,False
193,157,213,False
56,128,126,False
96,205,135,False
147,194,121,False
194,198,243,False
131,115,48,False
47,40,78,False
55,42,69,False
141,151,251,False
146,189,168,False
174,208,194,False
104,157,131,False
105,224,153,False
141,141,234,False
242,194,212,False
120,49,27,False
214,150,119,False
198,242,195,False
98,48,140,False
193,109,176,False
141,52,60,False
64,143,117,False
207,224,202,False
214,216,233,False
80,161,148,False
134,222,186,False
198,250,228,False
174,223,214,False
192,220,213,False
62,74,236,False
137,198,122,False
67,123,41,False
43,86,35,False
135,100,64,False
138,78,236,False
218,210,232,False
79,158,34,False
162,198,139,False
198,243,212,False
169,79,185,False
129,56,125,False
212,149,171,False
88,102,49,False
43,63,45,False
105,168,59,False
177,104,136,False
140,125,51,False
112,52,36,False
210,192,53,False
124,172,118,False
183,138,206,False
102,90,184,False
76,137,99,False
222,189,236,False
48,96,86,False
98,61,77,False
84,133,82,False
43,73,48,False
67,100,34,False
132,116,238,False
183,215,192,False
111,232,189,False
119,198,189,False
222,221,239,False
138,215,137,False
35,56,70,False
45,104,119,False
89,196,183,False
172,162,232,False
135,145,68,False
235,228,186,False
123,116,43,False
89,86,47,False
236,78,69,False
134,59,158,False
154,141,36,False
52,107,110,False
171,173,228,False
84,42,123,False
145,51,118,False
157,209,193,False
117,107,195,False
224,232,119,False
202,185,78,False
172,205,206,False
188,246,215,False
172,187,248,False
58,112,102,False
107,109,27,False
211,156,132,False
187,134,243,False
159,88,159,False
209,204,147,False
146,232,113,False
45,87,53,False
219,225,76,False
120,37,45,False
205,167,223,False
181,154,233,False
74,66,145,False
161,94,189,False
99,205,82,False
186,116,218,False
246,247,194,False
181,180,243,False
145,188,131,False
91,166,105,False
170,202,186,False
117,196,66,False
60,136,112,False
31,66,89,False
125,55,115,False
85,177,55,False
197,187,235,False
148,156,243,False
67,149,120,False
99,79,192,False
103,127,27,False
75,37,76,False
75,136,90,False
200,129,134,False
235,117,146,False
203,223,211,False
222,133,185,False
52,84,43,False
93,163,16,False
208,233,212,False
178,216,188,False
45,104,75,False
118,235,170,False
153,145,206,False
59,122,7,False
204,229,87,False
164,243,158,False
132,76,123,False
160,61,147,False
231,206,220,False
135,98,231,False
120,185,167,False
151,138,229,False
133,58,155,False
207,77,128,False
102,207,124,False
40,83,69,False
230,136,153,False
175,127,35,False
235,175,172,False
223,217,238,False
179,183,249,False
81,177,171,False
89,51,83,False
135,230,201,False
136,211,101,False
232,216,235,False
68,110,48,False
223,117,134,False
199,114,184,False
158,215,177,False
178,174,234,False
84,148,147,False
244,244,252,False
200,239,233,False
235,226,108,False
230,240,212,False
99,198,34,False
42,64,46,False
206,92,100,False
81,47,102,False
214,217,243,False
198,201,240,False
123,238,184,False
62,45,77,False
246,205,222,False
111,36,44,False
60,106,104,False
115,212,152,False
173,202,169,False
105,171,178,False
228,218,243,False
123,132,217,False
81,43,130,False
160,72,198,False
214,162,251,False
161,165,232,False
95,61,165,False
192,229,179,False
232,219,238,False
165,94,143,False
93,209,197,False
103,199,97,False
214,158,128,False
97,67,148,False
108,71,44,False
226,247,147,False
215,231,189,False
154,179,61,False
170,202,155,False
103,188,75,False
175,226,216,False
192,191,235,False
91,51,150,False
57,105,120,False
201,226,220,False
145,137,206,False
144,103,235,False
211,248,230,False
145,227,63,False
211,228,202,False
198,129,210,False
206,84,161,False
208,210,230,False
212,117,144,False
152,206,155,False
188,168,119,False
130,73,118,False
139,213,85,False
118,149,19,False
82,29,24,False
191,78,85,False
216,180,202,False
235,107,177,False
220,218,189,False
222,161,71,False
214,146,217,False
65,75,40,False
152,198,147,False
183,234,171,False
227,157,131,False
216,101,82,False
218,151,76,False
62,43,137,False
162,65,31,False
162,55,50,False
233,199,225,False
119,179,153,False
196,165,248,False
53,113,78,False
66,49,89,False
69,143,116,False
96,31,49,False
206,166,197,False
71,61,107,False
216,108,209,False
224,243,167,False
117,54,35,False
239,215,188,False
217,169,119,False
199,224,109,False
70,43,30,False
236,169,170,False
83,150,94,False
208,187,221,False
165,240,189,False
124,57,105,False
65,123,105,False
232,194,214,False
201,177,222,False
175,141,192,False
192,186,39,False
140,79,229,False
115,241,154,False
62,67,34,False
91,81,165,False
212,217,245,False
217,194,206,False
231,222,213,False
210,188,225,False
206,180,241,False
77,163,50,False
229,233,189,False
143,210,28,False
236,184,177,False
59,58,154,False
41,65,66,False
144,143,76,False
222,163,178,False
242,232,203,False
126,189,90,False
194,188,40,False
194,144,203,False
199,105,47,False
178,242,66,False
198,81,65,False
247,195,187,False
157,84,245,False
57,48,103,False
49,102,101,False
215,193,225,False
164,198,175,False
109,87,178,False
226,107,212,False
171,105,68,False
181,238,166,False
206,174,185,False
108,72,40,False
91,150,116,False
193,126,109,False
70,149,79,False
91,30,52,False
154,216,103,False
104,210,62,False
115,224,36,False
250,239,88,False
162,177,111,False
170,217,109,False
167,170,210,False
51,36,93,False
94,184,97,False
181,160,248,False
153,160,44,False
136,185,130,False
226,92,145,False
198,223,186,False
222,198,246,False
226,207,226,False
154,210,138,False
153,185,87,False
164,217,103,False
157,237,154,False
210,105,96,False
158,202,93,False
196,234,142,False
221,162,221,False
205,204,230,False
131,210,201,False
154,112,181,False
223,161,241,False
157,83,235,False
119,64,147,False
197,240,89,False
119,240,25,False
241,182,232,False
196,107,128,False
105,80,31,False
52,118,92,False
237,203,207,False
59,114,16,False
90,54,87,False
232,211,181,False
181,75,68,False
217,224,143,False
186,91,43,False
110,210,172,False
84,156,33,False
131,82,139,False
64,135,63,False
189,149,219,False
105,55,81,False
78,54,96,False
53,80,52,False
211,80,172,False
131,122,191,False
209,227,127,False
209,203,142,False
51,93,21,False
229,236,212,False
246,205,224,False
132,36,22,False
107,106,27,False
115,51,92,False
48,83,26,False
43,86,32,False
107,34,77,False
170,58,108,False
48,105,128,False
217,201,241,False
89,173,111,False
64,120,77,False
202,238,135,False
102,79,19,False
169,204,159,False
82,142,74,False
223,232,199,False
153,132,239,False
41,68,58,False
50,104,92,False
225,95,48,False
129,124,194,False
90,124,65,False
195,147,252,False
162,221,94,False
99,72,173,False
210,237,226,False
154,67,91,False
153,153,215,False
60,44,85,False
140,52,122,False
96,71,183,False
139,56,150,False
175,83,93,False
229,129,191,False
90,188,74,False
118,123,182,False
122,218,147,False
165,155,225,False
40,67,78,False
114,188,137,False
182,134,183,False
100,208,193,False
192,65,41,False
175,218,122,False
240,158,190,False
243,204,224,False
240,219,138,False
235,218,236,False
82,83,34,False
202,122,244,False
207,199,237,False
189,171,59,False
201,184,57,False
232,221,240,False
155,128,204,False
201,126,216,False
114,170,160,False
165,63,131,False
119,212,22,False
177,182,224,False
162,48,33,False
213,156,224,False
222,184,232,False
64,31,92,False
210,200,231,False
46,32,103,False
106,224,170,False
57,128,83,False
171,134,245,False
240,172,212,False
187,179,228,False
237,239,134,False
102,113,17,False
134,186,60,False
212,201,46,False
241,242,184,False
45,67,44,False
118,154,19,False
181,238,142,False
234,134,205,False
195,62,102,False
144,230,68,False
70,62,33,False
184,122,157,False
223,93,99,False
226,77,120,False
227,73,88,False
110,165,28,False
193,202,117,False
209,169,108,False
182,235,191,False
189,210,175,False
171,54,53,False
75,124,25,False
205,96,225,False
238,231,184,False
79,72,129,False
121,222,123,False
83,126,111,False
38,91,80,False
58,49,102,False
59,53,89,False
218,245,173,False
196,96,236,False
173,92,95,False
171,86,184,False
234,110,217,False
116,237,126,False
232,148,143,False
89,88,31,False
229,212,194,False
216,206,160,False
229,202,224,False
182,171,46,False
166,244,214,False
226,241,179,False
219,204,238,False
47,87,67,False
73,112,119,False
98,158,140,False
197,114,130,False
245,213,252,False
197,155,118,False
242,248,183,False
149,242,90,False
200,227,209,False
123,126,233,False
44,68,60,False
226,206,218,False
81,178,166,False
112,136,50,False
87,68,130,False
43,95,72,False
204,241,201,False
223,173,141,False
63,71,34,False
207,179,194,False
168,108,222,False
71,152,98,False
77,142,72,False
207,82,174,False
176,213,148,False
67,105,68,False
90,48,60,False
255,234,91,False
223,231,139,False
200,129,57,False
195,94,93,False
78,45,62,False
228,203,246,False
71,147,145,False
210,241,182,False
96,60,143,False
71,92,12,False
177,225,180,False
242,211,249,False
177,203,150,False
229,247,168,False
107,131,50,False
123,186,40,False
120,159,52,False
232,221,141,False
80,133,111,False
133,109,31,False
170,55,92,False
152,150,217,False
234,191,185,False
203,157,112,False
142,65,165,False
120,164,81,False
139,126,181,False
166,169,217,False
39,96,91,False
108,189,134,False
210,126,136,False
177,159,65,False
80,35,55,False
111,172,21,False
163,63,36,False
224,72,47,False
215,149,212,False
200,167,154,False
158,79,84,False
101,57,105,False
67,121,19,False
50,102,87,False
157,137,226,False
69,33,30,False
150,225,155,False
50,108,71,False
201,237,221,False
84,46,122,False
244,212,214,False
218,244,145,False
237,200,224,False
226,132,208,False
78,144,102,False
118,241,149,False
116,32,22,False
217,195,205,False
95,62,152,False
208,210,230,False
44,67,50,False
201,186,237,False
96,36,43,False
186,67,153,False
86,173,37,False
71,118,50,False
185,77,198,False
245,195,211,False
228,174,216,False
168,151,236,False
160,148,215,False
226,185,200,False
137,202,112,False
141,234,163,False
221,186,216,False
218,134,52,False
55,40,72,False
178,191,138,False
203,191,232,False
235,212,228,False
223,206,230,False
218,150,133,False
105,75,39,False
209,236,55,False
239,144,178,False
234,158,196,False
204,96,50,False
156,223,37,False
188,120,117,False
152,84,148,False
49,84,49,False
46,67,33,False
114,39,21,False
195,134,252,False
197,92,89,False
48,77,70,False
124,188,140,False
103,57,155,False
220,242,213,False
77,125,10,False
135,46,107,False
231,207,233,False
236,205,215,False
225,160,137,False
114,49,98,False
228,135,170,False
96,146,57,False
126,78,101,False
121,167,98,False
184,71,148,False
180,155,80,False
184,70,52,False
94,183,48,False
229,194,172,False
210,162,202,False
233,207,247,False
208,229,191,False
135,71,33,False
197,166,209,False
231,218,244,False
201,151,248,False
216,171,94,False
131,99,25,False
93,47,38,False
180,203,110,False
199,141,211,False
165,212,61,False
219,93,224,False
243,201,158,False
151,201,34,False
246,237,213,False
159,220,195,False
206,192,231,False
228,169,195,False
218,239,213,False
136,49,116,False
205,238,218,False
114,131,38,False
210,180,146,False
199,121,224,False
175,101,238,False
237,216,242,False
226,247,209,False
100,165,82,False
167,100,215,False
146,75,81,False
201,168,223,False
185,172,79,False
199,242,164,False
212,78,73,False
40,75,24,False
245,219,196,False
123,114,69,False
84,180,151,False
86,151,83,False
226,190,212,False
199,215,185,False
192,85,137,False
128,222,128,False
163,213,137,False
199,196,241,False
81,142,101,False
218,177,175,False
115,95,226,False
192,192,223,False
254,236,114,False
72,45,142,False
116,237,181,False
216,128,165,False
184,113,92,False
177,130,175,False
203,197,251,False
197,174,225,False
120,58,170,False
165,125,102,False
214,199,48,False
226,207,228,False
126,107,56,False
158,105,49,False
117,166,93,False
41,95,58,False
215,180,182,False
72,161,126,False
217,100,151,False
179,172,34,False
196,145,130,False
121,64,34,False
205,215,186,False
197,199,236,False
191,185,249,False
203,241,204,False
112,57,162,False
92,36,79,False
108,75,123,False
242,178,51,False
152,90,189,False
85,48,58,False
214,188,242,False
108,66,133,False
152,175,77,False
212,233,165,False
237,143,110,False
152,86,170,False
173,216,160,False
83,147,116,False
194,158,145,False
185,57,75,False
208,130,209,False
91,134,54,False
115,212,33,False
62,102,56,False
171,77,50,False
240,138,129,False
233,147,208,False
244,227,204,False
169,154,219,False
125,241,113,False
179,181,119,False
181,231,148,False
240,219,198,False
225,206,206,False
220,182,227,False
247,237,60,False
174,221,221,False
173,224,204,False
238,218,75,False
209,244,239,False
151,72,202,False
174,243,141,False
100,67,22,False
237,216,236,False
181,76,116,False
124,231,141,False
53,99,15,False
84,125,30,False
40,92,86,False
175,173,234,False
132,116,239,False
97,75,206,False
168,111,230,False
109,224,149,False
114,219,72,False
115,59,60,False
73,151,98,False
198,242,139,False
253,237,169,False
214,86,198,False
41,92,67,False
238,141,164,False
166,75,206,False
208,178,188,False
92,101,27,False
216,200,243,False
217,81,50,False
240,223,185,False
180,213,193,False
129,220,86,False
163,245,169,False
154,193,52,False
222,106,82,False
220,102,87,False
127,118,53,False
67,37,65,False
102,195,119,False
109,63,174,False
237,155,243,False
187,242,199,False
238,204,188,False
138,76,176,False
92,162,108,False
133,66,194,False
135,87,122,False
139,235,128,False
110,146,83,False
62,55,104,False
92,49,16,False
73,45,145,False
78,46,64,False
55,117,84,False
214,180,247,False
222,179,216,False
213,226,200,False
139,189,96,False
191,233,204,False
185,237,224,False
92,185,14,False
159,160,205,False
70,147,92,False
133,63,160,False
195,228,190,False
156,104,221,False
107,63,154,False
232,235,218,False
103,160,17,False
155,210,130,False
88,153,155,False
84,126,48,False
236,150,151,False
165,236,127,False
91,45,105,False
163,157,210,False
116,49,132,False
130,68,56,False
217,212,239,False
73,127,89,False
160,244,206,False
141,48,111,False
230,213,234,False
159,224,90,False
189,232,170,False
187,214,203,False
210,238,234,False
192,137,201,False
193,180,126,False
216,220,241,False
99,154,127,False
209,65,44,False
76,83,21,False
222,203,54,False
59,102,72,False
201,81,189,False
178,78,208,False
218,194,200,False
58,94,47,False
228,217,83,False
48,92,20,False
96,51,96,False
139,147,33,False
156,148,42,False
117,64,91,False
198,70,145,False
242,215,221,False
237,171,73,False
175,226,87,False
79,100,46,False
73,55,105,False
144,236,155,False
181,126,235,False
171,92,190,False
186,236,184,False
220,200,238,False
204,224,181,False
205,223,192,False
68,33,95,False
53,113,25,False
233,220,234,False
141,89,125,False
212,192,175,False
226,231,212,False
233,220,231,False
113,101,232,False
126,182,142,False
164,203,149,False
84,115,59,False
116,230,34,False
91,101,50,False
98,88,23,False
94,165,18,False
164,245,157,False
89,157,125,False
234,187,190,False
186,203,54,False
195,220,64,False
212,240,168,False
156,61,51,False
218,193,136,False
60,91,28,False
210,105,43,False
136,81,117,False
86,98,48,False
203,148,179,False
231,118,54,False
100,188,18,False
109,65,43,False
194,215,175,False
188,212,173,False
52,77,23,False
207,86,208,False
157,53,97,False
221,140,240,False
73,152,64,False
217,190,187,False
114,91,157,False
166,51,87,False
214,232,85,False
91,30,77,False
75,137,55,False
172,113,184,False
142,116,227,False
100,191,21,False
136,183,106,False
97,197,128,False
61,125,40,False
220,144,245,False
113,53,68,False
171,103,157,False
43,43,78,False
97,206,149,False
183,171,209,False
100,155,86,False
254,239,168,False
222,95,231,False
182,119,236,False
197,241,156,False
111,155,75,False
244,209,241,False
205,231,198,False
107,186,20,False
82,160,144,False
204,234,184,False
138,211,159,False
85,148,26,False
155,213,169,False
184,239,173,False
233,73,74,False
117,54,146,False
104,42,119,False
189,147,175,False
183,163,128,False
66,101,62,False
123,185,22,False
215,180,248,False
189,159,222,False
173,152,218,False
240,243,115,False
122,104,34,False
178,161,62,False
127,199,112,False
82,130,22,False
185,152,226,False
83,127,78,False
231,123,251,False
195,74,137,False
218,99,245,False
208,241,192,False
211,203,239,False
215,199,243,False
68,60,103,False
122,217,154,False
93,128,57,False
150,109,27,False
110,55,69,False
173,83,231,False
123,222,175,False
76,142,43,False
119,149,72,False
247,208,124,False
107,83,163,False
154,143,211,False
72,147,136,False
65,43,129,False
138,66,164,False
129,101,176,False
222,214,192,False
234,146,156,False
238,233,212,False
218,244,64,False
199,177,119,False
199,189,136,False
88,27,27,False
205,139,58,False
117,35,41,False
207,140,106,False
233,226,197,False
94,178,136,False
83,73,40,False
121,52,128,False
95,193,77,False
177,201,131,False
168,130,202,False
105,61,95,False
131,194,166,False
183,103,228,False
154,74,96,False
208,248,195,False
135,74,222,False
186,170,240,False
235,244,213,False
65,67,34,False
142,77,221,False
218,224,199,False
129,192,122,False
156,118,183,False
230,144,238,False
74,143,99,False
119,117,35,False
146,145,248,False
204,210,131,False
145,189,179,False
170,173,221,False
56,31,84,False
103,104,36,False
95,100,57,False
98,60,75,False
166,89,40,False
110,76,174,False
84,27,45,False
212,127,172,False
68,127,13,False
231,241,211,False
196,98,160,False
86,160,129,False
86,167,31,False
189,122,227,False
235,101,123,False
206,181,118,False
227,197,254,False
101,36,40,False
194,133,112,False
192,160,119,False
69,148,52,False
230,126,111,False
218,121,160,False
148,115,46,False
215,236,173,False
235,245,94,False
71,132,35,False
137,200,69,False
180,220,146,False
203,234,179,False
110,49,137,False
175,214,167,False
39,75,55,False
53,102,77,False
82,171,27,False
83,168,28,False
72,34,67,False
111,139,77,False
118,32,25,False
149,69,182,False
160,104,169,False
181,237,175,False
214,217,174,False
234,133,227,False
114,231,21,False
137,210,65,False
226,122,144,False
195,104,202,False
236,195,114,False
217,203,244,False
181,172,73,False
203,62,88,False
164,90,131,False
113,121,65,False
98,147,125,False
85,47,61,False
222,214,235,False
184,219,184,False
67,93,36,False
238,204,241,False
60,136,101,False
194,238,123,False
77,129,17,False
235,201,205,False
134,181,144,False
136,217,49,False
164,69,171,False
83,45,137,False
70,38,92,False
73,37,107,False
202,176,250,False
168,149,251,False
69,48,81,False
101,107,25,False
109,69,147,False
155,59,98,False
140,57,153,False
94,190,25,False
203,122,94,False
228,233,219,False
98,46,107,False
177,112,112,False
209,221,158,False
66,40,104,False
74,134,121,False
107,177,145,False
164,182,126,False
232,178,180,False
226,95,166,False
110,36,29,False
136,232,155,False
193,244,131,False
68,54,38,False
88,104,37,False
83,126,102,False
208,224,63,False
200,167,159,False
93,34,37,False
217,100,243,False
89,150,99,False
198,112,85,False
145,222,119,False
103,62,104,False
211,137,186,False
234,161,223,False
160,179,98,False
175,220,111,False
135,177,108,False
235,234,173,False
230,203,235,False
235,92,54,False
145,222,81,False
231,223,212,False
103,69,114,False
179,235,165,False
149,241,163,False
211,169,185,False
208,209,156,False
111,58,139,False
207,236,123,False
108,34,71,False
145,224,139,False
139,54,77,False
162,128,181,False
219,233,117,False
116,157,23,False
204,144,133,False
153,196,154,False
156,178,62,False
52,77,23,False
163,175,174,False
185,236,220,False
58,112,42,False
221,238,213,False
221,114,61,False
48,95,93,False
90,88,173,False
213,237,172,False
232,246,210,False
177,169,219,False
127,71,46,False
148,181,26,False
207,160,146,False
193,205,160,False
82,38,28,False
233,246,195,False
126,48,37,False
231,79,119,False
233,230,211,False
51,96,22,False
248,212,136,False
223,238,222,False
133,117,187,False
89,34,85,False
81,52,114,False
208,188,220,False
68,142,82,False
148,105,247,False
244,182,173,False
146,186,114,False
171,73,66,False
171,170,244,False
236,242,209,False
66,117,130,False
80,118,83,False
66,116,18,False
203,157,169,False
95,34,73,False
201,128,135,False
106,40,60,False
207,86,57,False
77,126,73,False
161,203,173,False
68,115,61,False
176,208,71,False
234,241,196,False
147,119,203,False
178,147,226,False
107,89,18,False
189,91,238,False
186,134,151,False
237,97,121,False
130,61,21,False
191,244,131,False
218,190,240,False
100,144,69,False
148,60,30,False
250,227,185,False
186,140,180,False
181,80,211,False
151,84,208,False
148,106,66,False
247,237,212,False
173,58,112,False
118,129,41,False
206,97,184,False
213,198,105,False
159,59,65,False
153,194,44,False
187,221,112,False
226,195,206,False
68,32,88,False
135,42,84,False
247,199,101,False
220,172,134,False
210,173,113,False
98,147,125,False
224,115,240,False
182,185,77,False
248,213,137,False
150,112,70,False
70,143,56,False
84,37,112,False
79,39,41,False
195,129,138,False
116,226,99,False
143,90,139,False
148,231,167,False
158,138,189,False
189,195,233,False
123,123,189,False
107,90,221,False
177,169,253,False
62,105,43,False
127,43,24,False
214,165,117,False
171,232,113,False
208,136,83,False
214,231,174,False
159,57,111,False
87,177,67,False
244,217,203,False
141,100,76,False
225,151,95,False
137,54,68,False
191,150,178,False
107,39,61,False
181,146,73,False
163,49,44,False
98,178,105,False
173,111,131,False
72,126,59,False
148,68,128,False
136,57,115,False
184,154,200,False
105,38,70,False
233,157,164,False
159,182,54,False
216,198,171,False
64,96,54,False
53,113,61,False
73,141,73,False
40,86,31,False
74,51,120,False
193,218,78,False
146,93,162,False
107,40,104,False
63,45,77,False
171,144,74,False
85,84,39,False
142,218,168,False
85,139,85,False
199,169,220,False
182,177,90,False
50,108,28,False
101,197,36,False
217,174,199,False
203,150,107,False
190,124,84,False
101,204,40,False
112,185,135,False
120,128,55,False
128,67,24,False
225,226,197,False
83,131,18,False
204,195,109,False
74,32,55,False
229,205,196,False
159,150,59,False
244,210,136,False
197,135,97,False
148,59,149,False
192,180,227,False
217,152,144,False
66,95,39,False
103,105,48,False
227,189,219,False
234,203,253,False
108,44,125,False
43,73,37,False
175,84,55,False
236,86,126,False
219,86,46,False
185,86,63,False
107,143,72,False
220,232,137,False
119,197,95,False
144,190,153,False
114,183,94,False
243,204,51,False
231,174,55,False
64,94,17,False
151,72,27,False
160,107,202,False
225,118,84,False
155,157,203,False
66,34,108,False
238,182,193,False
170,236,137,False
188,147,116,False
144,136,25,False
234,202,92,False
247,218,204,False
101,172,118,False
148,175,31,False
138,115,73,False
228,121,183,False
74,150,133,False
211,164,161,False
50,82,22,False
131,79,32,False
71,43,38,False
222,145,46,False
197,138,153,False
168,142,226,False
124,92,237,False
112,64,131,False
61,98,21,False
152,139,68,False
127,40,51,False
76,156,46,False
116,188,80,False
220,203,235,False
234,115,81,False
182,140,134,False
76,169,149,False
99,88,22,False
184,140,119,False
85,134,31,False
153,62,28,False
115,226,102,False
217,192,150,False
230,170,93,False
232,183,194,False
188,212,136,False
210,196,149,False
123,222,134,False
163,219,68,False
98,201,122,False
139,226,101,False
160,177,33,False
233,110,195,False
91,64,108,False
242,227,198,False
244,237,146,False
223,212,235,False
117,60,92,False
95,140,99,False
189,211,152,False
163,202,145,False
233,179,221,False
209,157,133,False
233,144,100,False
128,187,130,False
234,224,218,False
107,47,83,False
99,172,82,False
157,226,183,False
64,85,34,False
111,77,60,False
58,115,60,False
168,50,33,False
196,214,160,False
54,112,119,False
147,207,140,False
194,195,246,False
192,226,177,False
238,229,202,False
176,215,64,False
94,173,141,False
108,161,48,False
66,140,91,False
113,56,69,False
95,149,16,False
123,174,139,False
168,65,101,False
160,240,98,False
62,87,42,False
68,116,50,False
90,169,128,False
78,54,38,False
212,193,156,False
78,167,163,False
82,138,104,False
99,60,85,False
159,120,85,False
240,195,197,False
191,137,103,False
234,166,176,False
96,94,44,False
101,33,80,False
103,221,154,False
109,192,61,False
139,180,145,False
54,117,89,False
199,122,195,False
126,52,94,False
224,126,116,False
221,246,193,False
137,59,113,False
170,76,63,False
234,208,209,False
101,180,23,False
209,74,84,False
199,237,135,False
92,161,42,False
76,142,23,False
235,226,218,False
71,151,41,False
179,206,83,False
161,172,43,False
229,188,179,False
156,92,50,False
160,74,102,False
198,239,184,False
200,204,151,False
59,31,101,False
217,209,237,False
189,228,134,False
231,123,141,False
244,221,180,False
158,164,53,False
103,77,28,False
193,223,176,False
149,195,161,False
221,105,222,False
217,197,254,False
112,64,93,False
160,151,44,False
109,53,122,False
234,173,215,False
111,62,108,False
89,38,112,False
96,186,61,False
197,158,156,False
155,125,34,False
200,139,202,False
153,171,96,False
223,212,144,False
240,220,124,False
184,177,39,False
238,238,190,False
221,113,134,False
147,88,111,False
79,164,60,False
198,214,135,False
146,211,142,False
220,134,94,False
175,226,163,False
103,35,16,False
205,107,240,False
74,36,67,False
146,136,73,False
227,235,103,False
228,178,205,False
105,205,58,False
50,97,38,False
233,201,173,False
192,82,182,False
93,137,90,False
251,222,154,False
81,96,14,False
125,240,48,False
255,245,102,False
148,222,163,False
164,197,182,False
143,219,122,False
174,123,179,False
104,41,113,False
128,211,175,False
204,239,201,False
156,219,161,False
142,216,78,False
103,123,23,False
208,142,166,False
89,70,39,False
144,127,82,False
72,154,88,False
183,67,89,False
127,214,96,False
200,137,121,False
210,186,232,False
202,238,52,False
104,54,141,False
68,36,67,False
201,194,227,False
230,170,240,False
213,223,103,False
224,220,171,False
173,76,37,False
214,202,152,False
223,198,192,False
96,169,95,False
132,49,123,False
156,197,80,False
169,198,123,False
142,92,219,False
109,34,25,False
61,123,53,False
225,192,169,False
176,126,212,False
127,51,130,False
239,219,239,False
118,124,21,False
206,173,238,False
59,125,28,False
114,72,115,False
248,222,76,False
178,155,226,False
233,249,195,False
112,200,63,False
242,153,130,False
214,161,177,False
83,48,37,False
184,194,130,False
184,205,158,False
141,85,233,False
231,219,212,False
237,230,142,False
96,52,20,False
195,150,164,False
232,221,241,False
210,214,112,False
193,215,168,False
129,74,81,False
225,242,198,False
119,44,22,False
184,136,103,False
186,143,148,False
166,157,44,False
139,154,83,False
65,123,30,False
226,232,148,False
190,92,162,False
231,210,201,False
86,38,77,False
154,134,196,False
109,227,97,False
161,223,111,False
207,77,150,False
67,102,32,False
226,201,206,False
126,221,171,False
171,237,137,False
161,114,78,False
228,193,182,False
222,221,192,False
174,198,155,False
181,211,188,False
190,237,191,False
81,159,128,False
120,59,119,False
96,57,36,False
167,245,173,False
179,235,168,False
85,184,142,False
244,213,238,False
201,159,173,False
129,216,121,False
177,224,186,False
182,204,129,False
152,201,32,False
83,110,45,False
233,196,87,False
86,181,121,False
229,146,131,False
220,207,159,False
138,195,28,False
110,127,70,False
222,194,246,False
133,58,131,False
225,170,143,False
197,118,123,False
91,54,39,False
93,161,78,False
154,133,196,False
99,53,32,False
138,243,134,False
147,64,30,False
88,179,21,False
205,146,43,False
150,229,41,False
198,128,82,False
159,91,41,False
124,53,144,False
169,51,67,False
186,176,119,False
150,110,177,False
207,139,169,False
101,53,126,False
154,202,155,False
55,38,75,False
62,112,67,False
229,136,193,False
109,129,67,False
133,67,30,False
88,182,52,False
219,223,199,False
73,140,27,False
135,228,127,False
245,200,201,False
190,209,115,False
133,207,45,False
113,72,63,False
194,145,152,False
45,69,30,False
84,171,130,False
117,235,185,False
155,86,62,False
53,102,72,False
89,96,27,False
196,187,219,False
189,241,129,False
211,178,108,False
128,176,79,False
106,53,44,False
199,88,40,False
184,78,53,False
72,53,34,False
74,46,41,False
80,73,44,False
243,219,204,False
209,232,162,False
104,134,37,False
146,185,115,False
167,193,119,False
152,61,148,False
233,175,230,False
219,188,232,False
202,133,140,False
100,48,86,False
162,202,79,False
178,141,58,False
75,48,74,False
79,113,19,False
238,187,185,False
134,173,77,False
172,95,158,False
109,179,93,False
187,197,148,False
173,148,207,False
228,209,208,False
140,119,202,False
178,133,181,False
238,176,248,False
70,120,53,False
44,97,60,False
100,63,77,False
95,44,20,False
170,133,82,False
229,213,215,False
218,164,46,False
176,207,124,False
54,115,13,False
178,205,50,False
111,168,47,False
127,52,92,False
68,42,36,False
240,186,197,False
241,168,74,False
168,56,79,False
237,246,150,False
245,243,174,False
251,231,180,False
191,103,168,False
140,146,55,False
69,136,70,False
85,101,26,False
71,113,70,False
160,76,71,False
218,183,209,False
214,191,66,False
92,175,15,False
214,203,57,False
84,94,42,False
101,60,44,False
44,91,12,False
75,150,30,False
163,102,88,False
242,201,191,False
84,111,21,False
216,203,167,False
50,84,30,False
135,118,75,False
191,231,140,False
112,227,111,False
187,79,112,False
238,239,182,False
125,173,24,False
229,199,150,False
234,184,237,False
229,239,142,False
153,82,59,False
175,114,119,False
235,78,115,False
108,112,112,False
188,189,199,False
117,124,124,False
247,247,248,False
248,249,252,False
219,237,235,False
151,231,220,False
82,139,142,False
248,252,248,False
238,212,54,False
183,242,175,False
239,248,152,False
255,246,137,False
184,239,178,False
156,213,147,False
251,253,254,False
119,198,189,False
197,244,209,False
192,226,141,False
135,238,159,False
132,217,106,False
104,196,158,False
220,248,237,False
223,243,227,False
181,217,134,False
207,242,182,False
243,249,239,False
245,247,226,False
251,254,253,False
164,233,52,False
127,205,187,False
171,217,134,False
101,191,122,False
224,100,102,False
169,75,32,False
200,121,118,False
184,211,127,False
229,202,188,False
87,181,161,False
211,236,213,False
246,246,212,False
178,218,118,False
151,62,114,False
176,151,33,False
105,154,29,False
243,202,196,False
242,184,86,False
248,209,221,False
149,53,106,False
160,237,132,False
165,73,167,False
236,119,226,False
203,98,40,False
163,93,210,False
241,231,143,False
222,185,212,False
174,133,204,False
208,228,187,False
243,193,211,False
127,173,111,False
184,86,60,False
194,145,143,False
64,75,26,False
212,154,228,False
250,244,149,False
163,124,38,False
184,174,56,False
172,205,167,False
228,162,135,False
172,63,31,False
118,207,82,False
76,116,89,False
222,109,247,False
139,242,113,False
169,189,114,False
130,59,83,False
232,210,180,False
68,107,51,False
50,35,124,False
169,112,244,False
113,34,39,False
128,225,130,False
183,58,48,False
164,109,247,False
235,170,168,False
48,86,61,False
169,192,39,False
133,71,80,False
142,162,61,False
146,40,31,False
100,71,34,False
195,246,183,False
203,228,150,False
233,204,240,False
217,79,85,False
49,88,26,False
180,234,156,False
184,192,147,False
76,147,25,False
172,124,88,False
157,84,142,False
173,113,132,False
162,56,33,False
188,217,172,False
144,47,39,False
163,222,159,False
207,190,221,False
114,78,193,False
232,110,71,False
174,54,38,False
78,132,36,False
90,76,40,False
179,196,122,False
146,141,55,False
135,77,55,False
213,224,102,False
139,177,65,False
49,105,40,False
164,52,64,False
212,239,139,False
151,193,148,False
76,108,51,False
194,175,217,False
184,206,157,False
219,229,98,False
240,238,215,False
196,193,128,False
109,34,69,False
77,115,85,False
180,208,144,False
126,127,44,False
216,163,177,False
179,136,127,False
235,222,224,False
213,125,56,False
232,155,179,False
180,89,172,False
219,98,219,False
175,88,35,False
125,47,27,False
229,108,125,False
152,73,172,False
207,66,61,False
193,189,126,False
177,218,103,False
66,123,83,False
91,29,22,False
76,128,102,False
237,220,221,False
238,109,59,False
227,189,208,False
230,175,135,False
220,132,121,False
67,110,38,False
236,188,163,False
231,139,186,False
204,83,41,False
187,186,43,False
242,219,201,False
211,106,140,False
248,204,196,False
218,242,118,False
64,113,42,False
173,122,34,False
219,227,133,False
230,153,250,False
115,43,25,False
126,220,178,False
177,52,53,False
83,43,68,False
237,221,241,False
164,147,207,False
214,207,240,False
221,180,194,False
80,72,36,False
99,30,58,False
102,95,15,False
189,225,48,False
206,193,229,False
134,164,72,False
64,133,16,False
54,94,78,False
51,96,73,False
215,206,72,False
191,99,211,False
196,207,152,False
55,117,60,False
240,184,177,False
84,173,74,False
168,48,36,False
173,60,58,False
98,202,66,False
71,122,10,False
104,52,79,False
147,194,85,False
158,64,43,False
201,181,146,False
223,248,196,False
92,36,51,False
188,126,130,False
238,133,217,False
47,70,34,False
56,99,76,False
182,133,195,False
210,227,114,False
209,173,159,False
246,227,51,False
87,160,38,False
109,168,69,False
128,78,114,False
143,145,36,False
93,46,14,False
76,161,118,False
44,99,27,False
127,214,103,False
243,175,202,False
143,50,53,False
238,229,149,False
184,74,75,False
150,85,252,False
111,168,117,False
116,172,105,False
218,117,215,False
226,100,222,False
202,124,198,False
109,50,87,False
72,36,56,False
109,64,117,False
181,85,42,False
98,61,108,False
110,37,41,False
137,170,44,False
64,137,65,False
61,124,62,False
90,59,89,False
236,147,180,False
141,222,174,False
82,156,61,False
124,99,52,False
53,117,69,False
63,126,18,False
73,146,65,False
156,83,205,False
48,100,9,False
220,180,55,False
83,70,121,False
168,191,97,False
205,223,126,False
206,114,66,False
212,181,117,False
226,193,238,False
224,146,146,False
75,95,45,False
83,38,67,False
195,198,98,False
223,69,93,False
84,25,19,False
183,68,153,False
113,91,39,False
82,40,21,False
236,108,91,False
231,117,113,False
232,190,144,False
206,160,176,False
208,186,121,False
154,80,152,False
236,108,134,False
222,245,200,False
156,46,75,False
67,35,40,False
204,141,152,False
133,62,25,False
139,179,59,False
66,107,84,False
244,237,65,False
213,131,248,False
164,222,88,False
218,194,194,False
216,144,121,False
207,158,91,False
231,247,157,False
69,126,32,False
52,98,33,False
235,225,185,False
94,32,58,False
90,175,38,False
60,125,36,False
78,40,54,False
223,144,240,False
102,118,57,False
165,224,165,False
138,134,205,False
168,64,108,False
209,130,127,False
234,213,219,False
82,171,138,False
103,205,140,False
235,198,243,False
99,205,94,False
107,103,55,False
221,201,211,False
80,50,97,False
152,92,165,False
171,177,39,False
194,215,94,False
76,147,25,False
201,98,61,False
224,118,226,False
227,106,64,False
182,137,115,False
232,203,123,False
208,76,135,False
117,35,67,False
246,203,151,False
139,236,118,False
137,95,70,False
101,52,18,False
100,185,82,False
199,220,148,False
116,67,144,False
220,141,208,False
218,245,209,False
225,87,79,False
227,152,164,False
145,74,190,False
204,150,244,False
81,42,34,False
202,169,187,False
170,139,101,False
129,166,47,False
219,118,121,False
191,233,40,False
107,56,19,False
184,200,144,False
239,242,196,False
111,157,40,False
185,132,187,False
135,171,43,False
151,63,134,False
188,179,47,False
132,59,28,False
104,74,57,False
80,165,79,False
211,185,217,False
193,197,153,False
117,78,137,False
69,104,30,False
235,217,197,False
125,51,104,False
204,184,148,False
99,94,56,False
214,188,201,False
127,150,40,False
187,153,122,False
238,233,221,False
204,229,185,False
250,251,207,False
238,94,120,False
177,211,73,False
233,210,175,False
227,239,202,False
168,108,75,False
196,159,105,False
230,233,169,False
149,234,48,False
121,113,65,False
201,63,98,False
134,55,88,False
118,82,37,False
53,92,16,False
121,80,64,False
215,114,144,False
124,49,80,False
103,160,144,False
124,168,23,False
54,97,74,False
89,123,29,False
240,195,199,False
190,120,63,False
96,31,68,False
78,53,139,False
121,234,43,False
93,193,147,False
237,151,54,False
90,83,21,False
224,107,164,False
223,168,195,False
201,176,113,False
147,62,146,False
222,116,45,False
159,82,233,False
166,117,193,False
224,233,210,False
212,75,66,False
209,149,206,False
46,112,102,False
109,185,140,False
144,44,55,False
198,93,193,False
237,145,163,False
172,148,235,False
146,203,161,False
180,179,111,False
112,228,55,False
116,170,84,False
229,216,236,False
185,185,111,False
207,148,159,False
244,188,184,False
223,109,129,False
178,225,49,False
146,218,72,False
128,150,22,False
234,112,190,False
192,183,83,False
138,48,63,False
91,134,64,False
51,103,56,False
138,112,172,False
124,240,55,False
116,117,19,False
121,242,134,False
191,106,195,False
137,228,122,False
168,116,34,False
252,234,197,False
125,225,120,False
168,67,90,False
223,178,202,False
111,85,168,False
183,226,173,False
81,158,38,False
80,163,39,False
235,236,201,False
108,29,42,False
84,133,65,False
244,206,88,False
171,199,137,False
236,217,216,False
77,44,43,False
236,105,62,False
179,149,195,False
240,213,192,False
169,148,199,False
117,212,86,False
240,202,225,False
82,35,58,False
138,225,83,False
71,43,40,False
125,177,156,False
114,39,23,False
100,57,104,False
211,243,227,False
202,229,204,False
107,89,23,False
121,74,100,False
202,130,215,False
215,176,225,False
195,88,221,False
110,77,35,False
120,237,70,False
231,113,156,False
76,88,34,False
225,204,136,False
227,211,135,False
176,138,95,False
216,248,180,False
175,80,55,False
219,197,149,False
139,115,58,False
118,224,80,False
227,195,173,False
128,64,21,False
73,54,38,False
144,92,47,False
205,193,252,False
160,239,129,False
251,247,151,False
229,105,190,False
222,211,168,False
117,39,31,False
231,195,81,False
232,140,163,False
128,209,104,False
232,185,103,False
233,196,239,False
242,215,225,False
223,170,47,False
197,169,94,False
180,147,231,False
212,228,215,False
113,52,64,False
120,61,163,False
120,51,22,False
133,131,45,False
178,99,247,False
153,98,83,False
142,87,194,False
99,25,36,False
77,138,18,False
148,88,121,False
82,37,75,False
85,53,77,False
210,73,141,False
114,57,157,False
238,153,224,False
148,56,132,False
238,190,162,False
246,217,109,False
146,158,76,False
192,180,82,False
189,199,101,False
177,56,98,False
146,127,71,False
122,109,59,False
244,187,217,False
206,192,102,False
127,47,94,False
210,151,166,False
230,188,215,False
231,172,90,False
93,134,59,False
62,104,45,False
244,172,108,False
101,48,47,False
249,209,187,False
202,216,123,False
238,153,107,False
195,216,179,False
127,93,26,False
202,118,231,False
221,125,69,False
212,168,172,False
219,242,162,False
225,160,107,False
104,25,22,False
118,95,65,False
240,208,108,False
237,127,80,False
194,216,191,False
173,232,185,False
75,122,52,False
226,208,195,False
181,101,165,False
219,102,68,False
141,66,75,False
75,122,80,False
66,119,94,False
254,247,140,False
250,248,185,False
235,237,135,False
205,220,139,False
224,113,231,False
222,186,87,False
228,232,205,False
89,34,56,False
213,119,107,False
140,92,58,False
59,126,33,False
132,82,55,False
222,241,215,False
92,75,32,False
233,169,140,False
239,247,120,False
206,249,209,False
164,158,208,False
149,70,148,False
227,220,236,False
235,212,242,False
121,61,161,False
97,195,62,False
168,140,31,False
79,39,49,False
205,199,226,False
155,162,54,False
61,79,36,False
68,44,68,False
142,114,232,False
220,241,179,False
148,62,42,False
198,91,93,False
214,68,102,False
236,228,194,False
244,202,217,False
249,236,114,False
178,230,151,False
44,68,62,False
177,163,226,False
222,156,203,False
219,245,194,False
167,191,131,False
248,251,207,False
124,230,160,False
208,234,202,False
59,109,107,False
124,49,104,False
112,195,90,False
246,243,206,False
105,89,29,False
156,230,134,False
151,87,203,False
100,186,106,False
72,36,38,False
100,198,62,False
204,204,121,False
124,57,162,False
113,55,87,False
129,65,61,False
183,124,100,False
246,227,211,False
236,229,48,False
117,60,181,False
206,116,176,False
62,92,46,False
82,104,40,False
81,144,86,False
48,76,23,False
241,185,167,False
182,197,66,False
228,203,205,False
201,89,68,False
201,238,206,False
235,104,102,False
173,198,160,False
173,232,108,False
101,161,90,False
141,190,147,False
149,125,233,False
227,144,215,False
228,150,241,False
133,145,64,False
201,117,233,False
132,94,61,False
203,242,195,False
179,197,131,False
194,88,116,False
236,204,252,False
174,167,237,False
234,161,58,False
212,138,120,False
174,172,36,False
194,192,228,False
135,174,41,False
104,39,100,False
190,147,39,False
104,112,21,False
60,37,85,False
75,99,45,False
72,42,86,False
114,100,31,False
244,207,206,False
217,219,178,False
101,204,29,False
237,177,170,False
250,226,165,False
55,90,90,False
226,98,107,False
191,147,251,False
148,76,219,False
162,119,232,False
109,135,34,False
154,107,244,False
205,196,103,False
229,211,243,False
220,166,152,False
86,58,124,False
135,59,107,False
228,249,186,False
123,103,33,False
180,211,86,False
176,199,143,False
208,104,135,False
216,170,166,False
218,148,111,False
238,219,224,False
221,194,246,False
198,115,89,False
228,151,98,False
132,90,156,False
98,46,34,False
148,67,152,False
117,34,42,False
223,87,152,False
143,93,135,False
108,84,23,False
222,124,232,False
235,211,136,False
139,204,136,False
218,184,176,False
69,123,18,False
102,172,72,False
149,196,149,False
235,171,248,False
116,230,154,False
145,227,27,False
191,176,133,False
72,73,39,False
221,210,178,False
136,83,85,False
226,150,164,False
162,88,69,False
118,198,41,False
169,78,179,False
179,68,157,False
241,233,56,False
177,236,119,False
237,173,247,False
200,177,63,False
90,182,42,False
142,211,123,False
198,110,50,False
201,103,230,False
162,229,125,False
244,231,122,False
173,95,131,False
225,151,232,False
109,197,33,False
67,126,31,False
162,239,158,False
100,36,27,False
104,33,28,False
209,106,195,False
234,241,191,False
68,34,44,False
124,101,23,False
198,81,196,False
96,196,32,False
241,192,247,False
48,77,26,False
150,122,31,False
178,123,112,False
247,222,190,False
214,202,105,False
200,149,141,False
198,120,158,False
192,158,58,False
61,123,16,False
176,74,149,False
57,84,25,False
121,131,20,False
124,139,45,False
139,71,142,False
137,165,58,False
165,82,138,False
146,168,29,False
195,161,179,False
110,92,18,False
121,76,22,False
95,145,58,False
197,59,43,False
143,169,48,False
215,174,149,False
74,79,33,False
205,241,151,False
120,242,144,False
70,49,144,False
193,119,192,False
187,99,101,False
188,141,62,False
233,92,132,False
229,213,215,False
210,153,218,False
92,55,60,False
81,41,84,False
87,51,134,False
232,202,157,False
103,105,31,False
78,32,44,False
210,174,173,False
74,85,18,False
149,50,67,False
162,53,88,False
185,224,84,False
233,187,188,False
100,37,69,False
57,74,30,False
121,236,68,False
200,243,129,False
185,143,104,False
114,179,90,False
132,149,74,False
162,101,148,False
193,145,50,False
182,141,218,False
204,165,251,False
153,69,77,False
222,127,206,False
110,149,70,False
171,135,103,False
220,162,240,False
112,232,125,False
237,186,171,False
74,129,58,False
236,202,250,False
129,68,61,False
200,147,56,False
106,60,176,False
179,117,202,False
100,73,136,False
197,163,235,False
90,83,41,False
131,123,45,False
224,140,236,False
93,34,21,False
103,100,53,False
215,219,173,False
185,150,87,False
106,216,111,False
153,160,52,False
217,174,190,False
134,92,55,False
234,238,183,False
217,221,180,False
235,153,194,False
81,26,23,False
76,49,79,False
72,142,36,False
126,76,21,False
151,111,73,False
84,102,34,False
216,178,103,False
89,44,20,False
201,229,55,False
231,166,203,False
84,42,97,False
180,146,119,False
87,147,65,False
60,84,46,False
111,36,40,False
138,163,93,False
135,45,44,False
50,79,48,False
108,148,61,False
168,110,75,False
194,103,105,False
106,186,146,False
52,113,78,False
107,87,18,False
243,210,203,False
85,56,164,False
195,141,209,False
223,214,87,False
129,83,45,False
67,71,36,False
179,170,216,False
112,99,203,False
89,35,34,False
199,109,174,False
216,165,129,False
79,53,24,False
239,202,208,False
214,215,172,False
146,191,37,False
155,68,52,False
235,223,237,False
223,211,107,False
167,196,101,False
110,211,41,False
206,165,134,False
191,84,59,False
179,230,144,False
214,209,172,False
240,211,221,False
99,99,27,False
246,207,240,False
209,176,155,False
204,200,120,False
196,213,166,False
208,98,181,False
215,173,158,False
221,154,241,False
197,170,158,False
175,227,175,False
64,69,32,False
122,54,69,False
195,158,124,False
236,152,57,False
236,92,141,False
172,104,134,False
108,144,65,False
125,51,104,False
105,87,25,False
134,219,43,False
214,238,197,False
158,81,44,False
216,109,243,False
199,162,121,False
78,163,44,False
94,31,20,False
50,78,36,False
133,199,117,False
172,116,117,False
166,105,123,False
167,106,89,False
175,131,98,False
208,122,253,False
52,93,20,False
164,80,71,False
103,212,112,False
179,61,54,False
208,194,238,False
109,201,64,False
208,231,168,False
233,195,187,False
144,111,187,False
54,98,67,False
192,155,132,False
151,95,89,False
71,124,92,False
168,216,59,False
135,218,60,False
240,180,179,False
216,211,130,False
128,126,73,False
120,67,31,False
234,222,153,False
53,115,94,False
177,110,139,False
239,119,151,False
204,124,98,False
166,65,56,False
220,195,180,False
235,229,219,False
202,213,71,False
117,192,106,False
227,188,144,False
113,96,56,False
183,204,49,False
233,99,112,False
235,111,153,False
130,56,88,False
248,212,142,False
103,153,70,False
168,82,31,False
210,141,236,False
85,50,81,False
251,246,206,False
181,134,121,False
145,53,33,False
247,210,52,False
195,237,125,False
242,163,140,False
96,96,29,False
150,96,133,False
186,222,176,False
186,113,205,False
95,47,48,False
195,130,132,False
228,246,164,False
215,236,118,False
104,71,27,False
167,132,67,False
191,223,129,False
106,190,132,False
157,129,88,False
209,214,156,False
191,240,151,False
157,74,144,False
234,218,116,False
130,150,40,False
110,45,40,False
193,189,221,False
102,46,125,False
226,205,249,False
211,97,69,False
128,240,87,False
194,222,187,False
66,128,81,False
49,108,31,False
227,91,104,False
216,240,134,False
220,158,146,False
174,117,195,False
171,96,164,False
143,112,47,False
229,129,68,False
144,155,28,False
185,176,105,False
149,167,30,False
97,52,67,False
215,237,147,False
242,194,193,False
213,135,175,False
93,35,58,False
85,86,41,False
87,134,88,False
178,191,138,False
81,46,38,False
122,213,27,False
157,221,42,False
241,177,120,False
117,34,65,False
237,219,72,False
97,187,40,False
73,128,9,False
224,127,169,False
117,184,78,False
239,228,214,False
225,154,224,False
236,145,210,False
85,93,18,False
188,156,133,False
172,96,70,False
208,87,192,False
125,64,51,False
126,49,68,False
193,114,184,False
93,171,25,False
228,244,197,False
244,201,140,False
198,117,76,False
202,127,132,False
72,130,43,False
217,103,96,False
137,191,84,False
123,221,137,False
133,139,26,False
219,125,53,False
77,62,32,False
187,194,111,False
105,203,49,False
106,51,105,False
241,160,170,False
143,233,123,False
86,175,111,False
125,77,56,False
213,171,118,False
190,107,58,False
106,39,23,False
177,124,196,False
246,232,134,False
218,194,121,False
187,133,131,False
105,148,34,False
194,130,202,False
110,56,123,False
117,228,168,False
188,131,249,False
206,215,181,False
183,213,68,False
186,120,66,False
77,160,22,False
85,60,46,False
206,83,196,False
216,113,229,False
101,49,97,False
138,116,77,False
84,156,33,False
167,242,169,False
66,110,62,False
226,210,178,False
232,211,200,False
115,44,59,False
160,55,29,False
231,97,122,False
168,152,252,False
227,212,209,False
203,67,91,False
212,220,192,False
68,137,60,False
130,210,103,False
136,45,42,False
144,70,130,False
252,236,203,False
199,166,189,False
243,184,179,False
218,199,188,False
209,244,119,False
129,92,186,False
211,166,216,False
99,159,44,False
206,125,54,False
156,88,169,False
41,97,96,False
139,100,226,False
52,118,115,False
84,26,18,False
167,107,123,False
196,162,212,False
181,120,78,False
160,208,83,False
106,53,58,False
202,81,43,False
235,96,97,False
149,107,61,False
247,244,209,False
237,201,102,False
234,202,172,False
88,102,49,False
247,203,133,False
163,123,230,False
76,160,89,False
166,145,233,False
151,124,246,False
169,116,215,False
55,114,15,False
168,180,118,False
231,113,187,False
195,103,124,False
142,220,158,False
222,185,177,False
84,170,127,False
197,224,139,False
247,228,210,False
238,245,94,False
197,161,118,False
78,103,12,False
144,237,157,False
246,211,231,False
74,104,45,False
218,130,157,False
78,51,84,False
195,76,87,False
83,35,86,False
218,205,147,False
174,64,116,False
202,100,165,False
219,198,49,False
223,190,122,False
213,100,127,False
229,122,160,False
218,73,135,False
48,101,44,False
178,128,35,False
60,125,19,False
173,89,98,False
182,87,51,False
189,170,128,False
252,250,203,False
128,110,46,False
179,111,102,False
204,72,117,False
83,151,85,False
149,213,142,False
76,91,50,False
153,194,87,False
132,234,109,False
162,223,173,False
123,178,35,False
172,65,147,False
224,198,186,False
208,99,120,False
228,215,247,False
130,229,172,False
184,121,64,False
103,179,36,False
64,103,46,False
128,60,132,False
214,86,138,False
188,71,113,False
156,197,156,False
173,84,125,False
130,241,162,False
230,237,215,False
238,121,119,False
218,93,223,False
174,134,38,False
236,211,235,False
224,143,223,False
117,70,108,False
129,203,122,False
202,65,65,False
103,193,83,False
204,224,146,False
217,207,186,False
237,209,229,False
146,81,166,False
238,214,224,False
106,195,155,False
229,214,222,False
156,75,123,False
177,57,50,False
122,56,159,False
136,239,105,False
134,52,29,False
163,67,118,False
234,234,177,False
230,188,73,False
188,79,38,False
134,64,139,False
55,114,38,False
200,122,134,False
79,130,25,False
229,204,223,False
240,228,190,False
92,157,18,False
61,97,23,False
63,130,36,False
66,135,18,False
94,182,78,False
233,120,87,False
181,108,103,False
72,108,45,False
233,205,230,False
137,79,101,False
201,107,81,False
188,174,117,False
45,99,46,False
180,61,61,False
170,137,217,False
167,103,120,False
99,25,35,False
159,100,64,False
154,211,45,False
214,177,179,False
66,133,34,False
56,92,60,False
81,135,77,False
77,162,54,False
232,173,156,False
217,98,66,False
110,135,42,False
172,85,61,False
143,106,32,False
87,68,45,False
234,213,237,False
156,64,123,False
204,221,113,False
203,158,154,False
232,206,223,False
146,42,55,False
215,137,161,False
160,138,91,False
193,98,46,False
244,229,113,False
92,159,48,False
248,251,207,False
230,207,150,False
135,90,72,False
152,82,166,False
165,243,141,False
210,182,232,False
212,149,185,False
98,202,56,False
117,180,123,False
60,126,43,False
158,104,144,False
223,213,234,False
206,179,220,False
212,152,50,False
198,86,223,False
193,82,158,False
182,124,163,False
79,174,167,False
142,183,92,False
90,25,40,False
169,88,77,False
247,251,207,False
184,156,90,False
159,226,36,False
131,86,24,False
225,175,181,False
196,115,132,False
126,89,40,False
174,101,61,False
236,88,129,False
237,234,213,False
199,149,101,False
211,77,54,False
252,220,163,False
174,108,135,False
89,132,33,False
164,157,45,False
240,213,210,False
72,128,57,False
181,210,54,False
220,224,113,False
228,248,171,False
87,183,87,False
179,89,46,False
77,126,37,False
180,237,138,False
85,145,78,False
237,192,92,False
239,224,214,False
71,131,52,False
203,224,164,False
124,67,52,False
153,200,71,False
232,198,145,False
208,178,176,False
208,163,70,False
42,91,41,False
220,91,46,False
203,117,111,False
207,62,42,False
80,162,95,False
114,210,18,False
117,66,198,False
81,122,16,False
101,118,24,False
231,212,233,False
117,169,50,False
157,183,33,False
135,58,133,False
148,221,152,False
231,117,189,False
123,46,28,False
163,129,186,False
45,77,55,False
225,186,211,False
224,240,195,False
208,105,110,False
79,157,96,False
195,83,94,False
190,96,44,False
216,214,178,False
238,227,187,False
230,208,229,False
194,113,53,False
173,142,216,False
174,133,236,False
242,212,184,False
147,40,37,False
119,83,143,False
235,232,220,False
133,233,170,False
231,217,215,False
103,43,52,False
215,117,231,False
89,34,94,False
200,177,233,False
165,125,44,False
